,title
0,نارگیل
1,تناسب اندام با توپ
2,تمرینات فیتنس برای گروه های ورزشی خاص
3,بره موم دارویی طبیعی از کندوی زنبور عسل
4,تمرینات ورزشی برای افراد دیابتی
5,داروشناسی فعالیت بدنی و ورزش
6,ماساژ کودکان با روغن‌های گیاهی
7,منابع ACSM برای مربی فیتنس گروهی
8,میوه درمانی
9,تجزیه و تحلیل اسکولیوز‮‬
10,تغذیه در بیماری های مزمن
11,قهوه‌ی ایرانی
12,سلامتی بدون درد
13,تاثیرات منفی سو تغذیه در سن رشد
14,رژیم غذایی دش برای زنان بالای ۵۰ سال
15,هر که وزنش بیش دردش بیشتر
16,دکمه هایی که بسته نمی شوند
17,روش های سنجش بالینی انواع چاقی
18,تغذیه کودکان
19,راه استحکام استخوان ها و درمان پوکی استخوان
20,مفاهیم‌ غذا‌ و‌ مواد‌ مغذی‌
21,راهنمای کامل فعالیت بدنی در آب برای سلامتی دوران بارداری و پس از زایمان
22,بهره‌وری اماکن و تاسیسات ورزشی
23,زندگی یعنی...
24,آن سوی باورها
25,مقدمه ای بر فعالیت ورزشی از دیدگاه ACSM
26,چه چیزهایی بخوریم، تحرک داشته باشیم و سلامت باشیم!
27,سلامت غذا، تغذیه و فرآورده های بهداشتی
28,تغذیه و عملکرد ورزشی
29,رژیم های غذایی پست بیوتیکی
30,اصول مربیگری فیتنس (Level 2)
31,باید و نبایدهای تغذیه
32,تمرینات مقاومتی بدون مربی
33,راهنمای تغذیه برای فوتبال زنان
34,اختلالات بدنی
35,تقویت بخش مرکزی
36,قدرت طعام
37,اکتساب و اجرای مهارت های ورزشی؛ تری مک موریس (2014)
38,راهنمای تغذیه کودکان
39,فعالیت بدنی و تندرستی
40,تغذیه و ورزش
41,تغذیه و رژیم درمانی
42,کراسفیت اوپن به زبان ساده
43,شاید ژن ها مقصرند!!
44,چاقی
45,تناسب اندام با گیاهان
46,اصول مصرف کراتین در ورزش و تندرستی
47,تمرینات کششی ویژه تندرستی و بهزیستی
48,سلامت غذا
49,دروغ ها و حقایق رژیم های غذایی کاهش وزن
50,کنترل دیابت به روش ساده
51,طراحی تی‌شرت
52,۱۰۱ نکته‌ی مهم برای زیبایی و تناسب اندام
53,الفبای خوراکی ها برای زندگی بهتر!
54,کاهش وزن تضمینی در ۳۰ روز
55,یادگیری و عملکرد حرکتی؛ رویکرد یادگیری مسئله مدار
56,مبانی تربیت بدنی، علوم ورزشی و ورزش (جلد دوم)
57,تناسب اندام
58,بهبود سطح رشد در دوره اول کودکی
59,مبارزه با پوکی استخوان به وسیله‌ی تمرین بدنی
60,روزی نیم ساعت
61,سلامتی معجزه معجزات
62,تربیت بدنی عمومی
63,تعادل در ورزش
64,علم و توسعه هایپرتروفی عضلانی
65,شگفتی‌های آب‌درمانی
66,ارزیابی وضعیت غذایی ورزشکاران
67,زندگی سرحال با نشاط طبیعی
68,اندامی زیبا با رژیم غذایی
69,سبک صحیح تغذیه در فرهنگ ایرانی
70,فعالیت بدنی و نقش آن در سلامت
71,تمرینات توپی قدرتی برای کل بدن
72,برنامه تمرینات پله
73,طراحی برنامه های تمرین مقاومتی
74,رژیم های پرهیزی
75,همیشه تندرست و شاداب باشید
76,صنایع غذایی (عمومی و تخصصی)
77,ابرغذا‌ها
78,مبانی تربیت بدنی، علوم ورزشی و ورزش (جلد اول)
79,غذاهای فوری
80,اضطراب رقابتی در ورزشکاران
81,آسیب ورزشی
82,بهترین مواد غذایی دوران بارداری و شیردهی
83,تمرین برای سالمندان کم توان
84,اصول و مبانی تربیت بدنی
85,تمرینات اکسنتریک
86,دمنوش های گیاهی
87,دانش روز مکمل ها
88,متخصص تغذیه فیتنس
89,مدیریت و درمان؛ آلرژی
90,مدیریت کسب و کار ورزشی
91,رژیم ج. ال. دامیز
92,طراحی تمرینات فیتنس ویژه مربیان خصوصی
93,نقش تغذیه در حافظه و یادگیری دانش آموزان مقاطع مختلف تحصیلی
94,کشش برای ۵۰+
95,پایان درد روزانه برای ۵۰+
96,مبانی آناتومی و حرکت
97,تغذیه با کلسترول پایین به زبان آدمیزاد
98,اصول تغذیه مادر و کودک
99,آشنایی با ویتامین‌ها
100,فواید گیاهخواری
101,چگونه لاغر شویم
102,۱۶۰ راهکار در کاهش وزن
103,بازوهای حجیم و عضلانی
104,پشت میزنشینان در برابر دنیای نشسته بایستید
105,شست و شوی کبد
106,پایان اشتباهات روزمره
107,راهنمای آزمایشگاه آسیب شناسی ورزشی و حرکات اصلاحی؛ جلد اول
108,اصول مربیگری فیتنس و مقدمه ای بر مربیگری خصوصی
109,فیزیولوژی ورزشی برای سلامتی، آمادگی جسمانی و عملکرد ورزشی
110,دیابت به زبان ساده
111,غلبه بر مشکلات وزن
112,اصول، مبانی و فلسفه ورزش
113,۳گانه جنسی زنان (بلوغ، جوانی، یائسگی}
114,در مسیر یوگا
115,مدیریت ورزشی
116,راهنمای تغذیه NSCA برای ورزش و فعالیت بدنی
117,آمادگی جسمانی در دوران بارداری
118,اصول تغذیه سالم براساس طب سنتی چینی
119,تغذیه و سلامتی
120,مبانی تمرینات عملکردی
121,روش خوردن هوشمندانه
122,فارماکولوژی ورزش و دوپینگ
123,چگونه قد بلند شویم
124,چرا نمی توانیم لاغر شویم یا لاغر بمانیم؟
125,۱۲ هفته برنامه راز رشد عضلات گلوت بدون افزایش حجم پا
126,کاهش وزن، ساده و بدون زحمت
127,رژیم غذایی کیتوجنیک
128,بدن خود را پر از اکسیژن کنید؛ درمانی برای دنیای آلوده‌ی ما
129,تناسب اندام با حرکات موزون و شاد
130,جلوگیری از چاقی و لاغری کودکان
131,میوه‌ی درمانی
132,چگونه شاداب و پرانرژی شویم؟
133,زندگی بدون گلوتن دامیز
134,گرسنه چه چیز هستید؟
135,تغذیه در دوره میانسالی و سالمندی
136,خوب برای من
137,توصیه‌های غذایی آنتونی رابینز
138,تناسب اندام عملکردی در منزل
139,مثلث سلامتی؛ خواب، تغذیه، تمرین
140,پاکسازی کبد چرب، کلیه، پوست، غدد لنفاوی، روده بزرگ
141,تست آمادگی جسمانی (PRT)
142,بازگشت به حالت اولیه از تمرین
143,تغذیه ورزشی کاربردی و دانستنی های دیگر برای علاقمندان
144,تکنیک‌های کاربردی کاهش وزن
145,تمرینات قدرتی برای زنان
146,رنسانس دایت
147,منوی سرآشپز
148,دریا و نیلوفر آبی یوگا
149,چگونه با کمک قانون جذب لاغر شویم؟
150,تغذیه و ورزش
151,مدیریت خشم و ایجاد آرامش درونی (با تأکید بر روانشناسی و تغدیه)
152,آشپزی مینو
153,تمرینات متابولیک ۱۴دقیقه‌ای
154,کتاب آشپزی جامع؛ روش خوردن هوشمندانه
155,کنترل وزن با قدرت کلمات
156,کتاب کوچک آشپزی؛ پخت انواع نان
157,کالری‌شمار به زبان ساده برای عموم
158,گرم کردن
159,دوره بندی یکپارچه در تمرینات ورزشی و توسعه عملکردی
160,ویتامین‌ها
161,فراتر از استروئیدها
162,رژیم به زبان آدمیزاد
163,خواص برخی میوه ها، سبزیجات و گیاهان
164,برنامه‌ی سوزاندن چربی و تناسب اندام
165,کلید کاهش وزن با تنظیم کالری غذایی
166,روش خوردن هوشمندانه
167,تو؛ چقدر به قلبت اهمیت می‌دهی؟ (کتاب دوم)
168,تو؛ یک راهنمای شخصی برای رژیم غذایی (کتاب یازدهم)
169,میوه درمانی؛ نگاهی به خواص میوه‌ها و سبزیجات
170,تو؛ چقدر درباره‌ی بدنت می‌دانی؟ (کتاب نخست)
171,۱۰۱ نسخه زیبایی
172,اصول مربی‌گری خصوصی حرفه‌ای
173,تغذیه دامیز
174,تمرین‌های تناسب اندام؛ ۱۰۱ تمرین برای ساخت عضلات، سوزاندن چربی‌ها و تناسب‌ اندام
175,راهی که پیدا شد ...: روایت گوشه‌هایی از زندگی من در دوران کاهش وزن
176,تغذیه به زبان آدمیزاد
177,تغذیه ورزشی پیشرفته
178,۱۵۰ راز ترکیبی میوه‌جات و سبزیجات
179,تمرینات قدرتی بر مبنای وزن بدن
180,اکسیر جوانی؛ رازهایی درباره‌ی سلامتی، شادابی، جوانی و طول عمر
181,دوپینگ، داروهای افزایش‌دهنده عملکرد و هورمون‌ها در ورزش
182,تکنیک‌های پیشرفته‌ی تمرین ویژه‌ی هایپرتروفی
183,آناتومی تمرینات عملکردی
184,لاغری و کاهش وزن با چهار کلید طلایی
185,مبانی تغذیه ورزشی
186,چرا ما چاق می‌شویم؟
187,حفظ البدن (رساله ای فارسی در بهداشت و تندرستی)
188,گامی به‌سوی تندرستی با تغذیه سالم و کنترل وزن
189,زمان‌بندی تمرینات قدرتی و استقامتی
190,تغذیه و ورزش مردان مریخی و زنان ونوسی
191,فواید گیاه خواری
192,مکمل‌های غذایی از تئوری تا کاربرد
193,مفاهیم بنیادی حرکات اصلاحی
194,کامل‌ترین تکنیک‌های تناسب اندام
195,روش طبخ برخی غذاهای رژیمی
196,لاغری و تناسب اندام
197,مزاج شناسی
198,تغذیه ورزشی؛ جلد اول
199,غذاهای صلح آمیز وگان
200,کاهش وزن بی‌خطر
201,طب ایرانی؛ تغذیه (به انضمام حجامت)
202,زندگی سالم به زبان ساده؛ توصیه‌هایی در سلامت تغذیه و تربیت
203,آسیب های ورزشی (علل، آسیب شناسی، اصلاح حرکات و مراقبت ها)
204,خام‌خواری؛ زنده‌خواری
205,چالش ۲۱ روزه تغذیه سالم گیاهی
206,خواص دمنوش‌های گیاهی؛ شامل ۳۹ دستور دمنوش
207,رژیم قلیایی، راز درمان تمام بیماری های من
208,مغز من و بهانه‌های پرخوری
209,رژیم ۱۷ روزه
210,روان‌شناسی کاهش وزن دکتر احمد حلت
211,من یک چاق خوشحال هستم! بهره‌گیری از مغز هوشمند برای مدیریت و اصلاح بیش‌خوری و اضافه وزن
212,نخود برتر از گوشت
213,تغذیه کودک و نوجوان در سلامت و بیماری
214,قانون چاقی
215,برنامه متابولیسم، تناسب اندام و کاهش وزن
216,صحیفه‌ی صحت
217,شناخت و درمان کلسترول
218,کلید رژیم غذایی برای مقابله با فشار خون
219,صفر تا صد فیتنس از زبان zyzz
